asteroid_id,name,diameter_min_km,diameter_max_km,diameter_avg_km,size_category,is_potentially_hazardous
2024001,(2024) AA1,0.7553,1.711,1.2332,Very Large (>1km),False
2024002,(2024) BA2,1.3053,1.456,1.3807,Very Large (>1km),True
2024003,(2024) CA3,0.5895,1.2402,0.9149,Large (140m-1km),False
2024004,(2024) DA4,0.1024,0.7492,0.4258,Large (140m-1km),True
2024005,(2024) EA5,0.4896,1.2046,0.8471,Large (140m-1km),False
2024006,(2024) FA6,1.098,1.3643,1.2311,Very Large (>1km),True
2024007,(2024) GA7,1.0465,2.0115,1.529,Very Large (>1km),False
2024008,(2024) HA8,1.6064,1.7735,1.6899,Very Large (>1km),False
2024009,(2024) IA9,1.2159,2.1495,1.6827,Very Large (>1km),False
2024010,(2024) JA10,1.4619,2.1357,1.7988,Very Large (>1km),False
2024011,(2024) KA11,0.0905,0.8301,0.4603,Large (140m-1km),False
2024012,(2024) LA12,0.5061,0.9754,0.7408,Large (140m-1km),False
2024013,(2024) MA13,0.2199,0.7308,0.4754,Large (140m-1km),False
2024014,(2024) NA14,0.4636,0.948,0.7058,Large (140m-1km),True
2024015,(2024) OA15,0.4958,0.7473,0.6215,Large (140m-1km),False
2024016,(2024) PA16,0.6087,0.9651,0.7869,Large (140m-1km),False
2024017,(2024) QA17,1.0666,1.5696,1.3181,Very Large (>1km),False
2024018,(2024) RA18,1.2707,1.8529,1.5618,Very Large (>1km),False
2024019,(2024) SA19,1.4252,2.2537,1.8395,Very Large (>1km),False
2024020,(2024) TA20,0.2358,1.168,0.7019,Large (140m-1km),False
2024021,(2024) UA21,1.9312,2.5336,2.2324,Very Large (>1km),False
2024022,(2024) VA22,1.2876,1.4634,1.3755,Very Large (>1km),True
2024023,(2024) WA23,1.102,1.8247,1.4633,Very Large (>1km),False
2024024,(2024) XA24,1.4447,1.8219,1.6333,Very Large (>1km),False
2024025,(2024) YA25,1.266,2.0813,1.6736,Very Large (>1km),True
2024026,(2024) ZA26,0.0968,1.0919,0.5943,Large (140m-1km),False
2024027,(2024) AB27,1.9609,2.1287,2.0448,Very Large (>1km),False
2024028,(2024) BB28,1.1444,1.3319,1.2382,Very Large (>1km),False
2024029,(2024) CB29,1.4207,2.0183,1.7195,Very Large (>1km),False
2024030,(2024) DB30,1.3034,2.0352,1.6693,Very Large (>1km),True
2024031,(2024) EB31,0.3185,1.3022,0.8104,Large (140m-1km),False
2024032,(2024) FB32,1.5423,1.8365,1.6894,Very Large (>1km),False
2024033,(2024) GB33,1.9394,2.6825,2.3109,Very Large (>1km),True
2024034,(2024) HB34,1.3801,1.5325,1.4563,Very Large (>1km),False
2024035,(2024) IB35,1.4784,2.0773,1.7779,Very Large (>1km),True
2024036,(2024) JB36,0.1974,0.5776,0.3875,Large (140m-1km),False
2024037,(2024) KB37,0.803,1.4573,1.1302,Very Large (>1km),False
2024038,(2024) LB38,1.2355,2.185,1.7103,Very Large (>1km),True
2024039,(2024) MB39,1.0958,2.0431,1.5694,Very Large (>1km),True
2024040,(2024) NB40,1.2403,1.6432,1.4418,Very Large (>1km),False
2024041,(2024) OB41,1.2616,2.1513,1.7065,Very Large (>1km),False
2024042,(2024) PB42,0.2641,0.5891,0.4266,Large (140m-1km),False
2024043,(2024) QB43,1.8061,2.3608,2.0834,Very Large (>1km),True
2024044,(2024) RB44,1.914,2.6231,2.2686,Very Large (>1km),False
2024045,(2024) SB45,1.5852,2.3959,1.9906,Very Large (>1km),False
2024046,(2024) TB46,1.9376,2.6568,2.2972,Very Large (>1km),False
2024047,(2024) UB47,0.1719,0.3482,0.2601,Large (140m-1km),False
2024048,(2024) VB48,1.4193,1.9528,1.686,Very Large (>1km),False
2024049,(2024) WB49,0.122,0.329,0.2255,Large (140m-1km),False
2024050,(2024) XB50,1.0615,1.5542,1.3078,Very Large (>1km),False
2024051,(2024) YB51,1.1122,2.0845,1.5984,Very Large (>1km),False
2024052,(2024) ZB52,1.8314,2.7942,2.3128,Very Large (>1km),False
2024053,(2024) AC53,1.1715,1.3414,1.2565,Very Large (>1km),False
2024054,(2024) BC54,0.275,0.4436,0.3593,Large (140m-1km),False
2024055,(2024) CC55,0.0625,0.5013,0.2819,Large (140m-1km),False
2024056,(2024) DC56,0.1364,0.2695,0.203,Large (140m-1km),False
2024057,(2024) EC57,1.5403,2.4906,2.0154,Very Large (>1km),False
2024058,(2024) FC58,1.5164,1.6586,1.5875,Very Large (>1km),False
2024059,(2024) GC59,1.1263,2.0153,1.5708,Very Large (>1km),False
2024060,(2024) HC60,1.2384,2.2208,1.7296,Very Large (>1km),False
2024061,(2024) IC61,0.7991,1.459,1.1291,Very Large (>1km),False
2024062,(2024) JC62,1.2454,1.6581,1.4517,Very Large (>1km),False
2024063,(2024) KC63,1.2853,1.549,1.4172,Very Large (>1km),True
2024064,(2024) LC64,0.6967,1.1096,0.9031,Large (140m-1km),False
2024065,(2024) MC65,0.0882,0.9077,0.498,Large (140m-1km),False
2024066,(2024) NC66,1.1986,2.1862,1.6924,Very Large (>1km),True
2024067,(2024) OC67,0.5123,1.2544,0.8834,Large (140m-1km),False
2024068,(2024) PC68,1.4774,1.7415,1.6095,Very Large (>1km),False
2024069,(2024) QC69,1.5805,2.129,1.8547,Very Large (>1km),False
2024070,(2024) RC70,1.8003,2.4471,2.1237,Very Large (>1km),False
2024071,(2024) SC71,0.3298,0.5977,0.4637,Large (140m-1km),False
2024072,(2024) TC72,0.8017,1.7743,1.288,Very Large (>1km),False
2024073,(2024) UC73,0.9585,1.8132,1.3858,Very Large (>1km),False
2024074,(2024) VC74,0.5844,1.2075,0.8959,Large (140m-1km),True
2024075,(2024) WC75,0.4114,1.1276,0.7695,Large (140m-1km),False
2024076,(2024) XC76,1.7029,2.4743,2.0886,Very Large (>1km),False
2024077,(2024) YC77,1.6852,1.911,1.7981,Very Large (>1km),False
2024078,(2024) ZC78,0.6392,1.2687,0.954,Large (140m-1km),False
2024079,(2024) AD79,0.4721,1.3817,0.9269,Large (140m-1km),False
2024080,(2024) BD80,1.3905,1.6406,1.5155,Very Large (>1km),False
2024081,(2024) CD81,1.4905,1.6206,1.5555,Very Large (>1km),False
2024082,(2024) DD82,1.2119,1.7639,1.4879,Very Large (>1km),False
2024083,(2024) ED83,0.5111,0.9222,0.7166,Large (140m-1km),False
2024084,(2024) FD84,0.2868,0.4776,0.3822,Large (140m-1km),True
2024085,(2024) GD85,1.5448,1.9818,1.7633,Very Large (>1km),False
2024086,(2024) HD86,1.6794,1.8916,1.7855,Very Large (>1km),False
2024087,(2024) ID87,1.5777,2.2211,1.8994,Very Large (>1km),False
2024088,(2024) JD88,0.0754,0.9968,0.5361,Large (140m-1km),False
2024089,(2024) KD89,0.0361,0.7332,0.3846,Large (140m-1km),False
2024090,(2024) LD90,0.6268,1.0844,0.8556,Large (140m-1km),False
2024091,(2024) MD91,0.1408,0.9387,0.5397,Large (140m-1km),False
2024092,(2024) ND92,0.1603,0.9382,0.5492,Large (140m-1km),False
2024093,(2024) OD93,0.0639,0.3637,0.2138,Large (140m-1km),False
2024094,(2024) PD94,1.4444,2.2692,1.8568,Very Large (>1km),False
2024095,(2024) QD95,1.7937,1.9054,1.8496,Very Large (>1km),False
2024096,(2024) RD96,1.2533,1.6556,1.4544,Very Large (>1km),False
2024097,(2024) SD97,0.596,1.5496,1.0728,Very Large (>1km),False
2024098,(2024) TD98,1.0298,1.7973,1.4135,Very Large (>1km),False
2024099,(2024) UD99,0.5519,0.6684,0.6102,Large (140m-1km),False
2024100,(2024) VD100,0.2221,0.4481,0.3351,Large (140m-1km),False
